{
  "best_val_mse": 0.004660777281969786,
  "epoch": 93,
  "stats": {
    "x": [
      -0.23052766919136047,
      5.7325992684228515
    ],
    "y": [
      -0.08898602426052094,
      3.08451510475708
    ]
  }
}